id,first_name,last_name,gender,date_of_birth
1,Violette,Simon,male,1967-08-23
2,Sixtine,Moreau,female,1945-04-05
3,Michel,Riviere,female,1990-04-14
4,Amalthée,Chevalier,female,1933-01-01
5,Valérie,Nicolas,male,1958-04-08
6,Barnabé,Laine,female,1986-01-30
7,Adalbaude,Blanc,female,1952-10-18
8,Adegrine,Clement,male,1976-09-15
9,Sauveur,Rolland,male,1960-07-07
10,Hector,David,female,1989-12-09
11,Amandin,Lemoine,male,1984-09-28
12,Agathe,Petit,female,1942-01-10
13,Clio,Adam,male,1951-05-01
14,Fabrice,Perrot,female,1966-07-10
15,Abdon,Maillard,female,1928-11-11
16,Sébastien,Leroy,female,1953-12-15
17,Léonie,Charpentier,male,2005-07-20
18,Flavie,Colin,male,1981-05-17
19,Armel,Le gall,male,1950-01-19
20,Aymon,Schmitt,female,1970-02-24
21,Martial,Leclerc,female,1953-03-14
22,Zoé,Sanchez,female,1926-05-31
23,Bouchard,Charpentier,female,1981-08-04
24,Thibault,Aubert,female,1956-09-16
25,Agathange,Petit,male,1947-10-10
26,Inès,Fournier,male,1924-08-01
27,Juliette,Benoit,female,1959-04-16
28,Joseph,Fabre,female,1947-01-01
29,Raymonde,Lemaire,female,1938-10-04
30,Reybaud,Moulin,male,1981-06-20
31,Aymardine,Vincent,male,1956-09-30
32,Irina,Barbier,male,1979-04-26
33,Andéol,Martinez,male,1951-10-07
34,Roméo,Colin,male,1956-11-21
35,Arielle,Berger,male,1929-03-05
36,Abraham,Brun,female,1987-04-23
37,Célestine,Riviere,male,2000-01-21
38,Arian,Blanc,female,1980-07-03
39,Grégoire,Lopez,male,1971-12-30
40,Ancelin,Thomas,male,1977-10-23
41,Eudoxie,Muller,female,1944-10-18
42,Maxellende,Blanchard,male,1977-04-17
43,Wandrille,Joly,female,1931-05-05
44,Alcibiade,Le gall,female,1960-09-02
45,Tancrède,Boyer,female,1940-06-12
46,Christophe,Huet,female,1937-10-29
47,Yvette,Roy,male,1930-12-01
48,Gonthier,Gonzalez,male,1980-05-13
49,Abdonie,Marie,female,1976-07-03
50,Anceline,Laurent,male,2005-03-19
51,Lorraine,Collet,female,1955-07-03
52,Romain,Jean,female,1939-07-07
53,Scholastique,Fournier,female,1959-12-19
54,Athalie,Brun,male,1953-08-01
55,Albane,Robert,female,2001-10-15
56,Léonne,Lemoine,female,1954-11-20
57,Charles,Guerin,male,1997-10-09
58,Sauveur,Leclerc,female,1968-11-30
59,Aurelle,Dubois,female,1991-05-14
60,France,Moreau,female,1927-07-30
61,Fabien,Laurent,male,1993-04-06
62,Arsène,Boyer,female,1927-12-12
63,Roméo,Bonnet,female,1938-08-24
64,Arnaud,Noel,female,1961-10-20
65,Athina,Morel,male,1998-03-05
66,Adegrine,Leclerc,male,1947-06-26
67,Perceval,Dupont,female,1959-05-01
68,Muriel,Barbier,male,1940-12-25
69,Ancelin,Louis,female,1934-02-19
70,Yves,Baron,male,1994-12-18
71,Aurian,Louis,male,1963-12-07
72,Sébastien,Pons,female,1947-06-19
73,Sylvain,Rousseau,male,1975-05-24
74,Anaël,Bernard,male,1962-09-27
75,Artémis,Vasseur,male,1983-03-01
76,Gabrielle,Clement,female,1973-10-23
77,Morgan,Benoit,male,1959-12-05
78,Raymond,Gonzalez,male,1953-04-13
79,Ancelin,Roger,female,1975-01-17
80,Arolde,Le gall,female,1987-12-07
81,Zoéva,Morin,female,1943-12-22
82,Ascelin,Bourgeois,female,1959-11-25
83,Ansberte,Morin,male,1966-10-27
84,Bouchard,Lambert,male,1981-08-04
85,Aldonce,Clement,female,1968-08-04
86,Bénédicte,Guillaume,male,1973-07-22
87,Urbain,Blanchard,male,1987-08-25
88,Gilbert,Robert,female,1983-04-03
89,Nathalie,Hubert,female,1951-11-16
90,Rolande,Benoit,female,1977-03-12
91,Sandra,Renault,male,1935-11-04
92,Mauricette,Marty,male,1991-05-06
93,René,Royer,female,1943-11-21
94,Samuel,Bernard,male,1992-06-11
95,Améliane,Guillaume,female,1937-01-24
96,Rachel,Fernandez,female,1976-09-30
97,Japhet,Laurent,female,1969-05-11
98,Béranger,Blanchard,male,1963-07-14
99,Laureline,Fabre,female,1981-02-02
100,Valéry,Schneider,male,1978-10-01
101,Aveline,Louis,male,1925-02-07
102,Hermine,Marchal,male,1973-11-16
103,Abigaïl,Gautier,male,1987-03-05
104,Mathurin,Chevalier,male,1964-06-27
105,Cyriaque,Perrin,female,1986-05-21
106,Quentine,Le roux,male,1972-10-20
107,Salomon,Lemaire,female,1992-07-08
108,Christian,Richard,male,2002-02-13
109,Lionel,Lemoine,female,1927-01-07
110,Urbain,Louis,male,1959-10-26
111,Tatiana,Guillot,female,1977-04-29
112,Francisque,Guerin,male,1984-12-13
113,Germain,Clement,female,1999-07-11
114,Marguerite,Rolland,male,1977-01-06
115,Xavière,Rey,female,1996-02-17
116,Justine,Guerin,male,1991-08-03
117,Marie,Jacquet,female,1995-04-24
118,Maureen,Guillaume,male,1948-03-10
119,Philibert,Marchand,male,2002-05-17
120,Chantal,Schmitt,male,2003-11-14
121,Gertrude,Louis,male,1999-03-23
122,Doriane,Fernandez,male,2003-10-09
123,Matthieu,Huet,female,1982-07-13
124,Élodie,Francois,male,1932-02-18
125,Bohémond,Olivier,male,1931-05-24
126,Aloyse,Rolland,male,1929-05-19
127,Jocelyn,Mercier,female,1933-01-27
128,Joachim,Dumas,male,1945-01-07
129,Abelin,Gautier,female,1950-05-07
130,Adeltrude,Roche,male,1945-03-29
131,Girart,Moulin,female,1969-05-08
132,Ascelin,Dumont,male,1983-01-06
133,Guenièvre,Poirier,female,1953-04-27
134,Audrey,Meyer,male,1970-12-29
135,Flavien,Marchal,male,1930-06-26
136,Abdonie,Vasseur,female,1930-02-25
137,Léonard,Leroux,female,1969-06-17
138,Aliette,Roux,female,1924-04-03
139,Sixte,Leroy,male,1942-09-15
140,Amélie,Lacroix,female,1971-02-12
141,Alizé,Nicolas,male,1924-05-28
142,Gerberge,Gonzalez,male,1962-10-15
143,Gaston,Joly,female,1944-02-08
144,Rosalie,Brunet,male,1926-09-11
145,Oury,Giraud,female,1967-03-09
146,Hélène,Meyer,male,1956-01-08
147,Mallaury,Martin,female,1994-11-23
148,Irina,Guerin,male,1926-02-08
149,Francisque,Chevalier,female,1944-03-22
150,Calixte,Arnaud,male,1987-07-16
151,Mauricette,Renault,female,2002-06-20
152,Adrienne,Joly,male,1929-09-05
153,André,Rousseau,female,1951-08-10
154,Venceslas,Lambert,female,1969-03-07
155,Xénophon,Deschamps,male,1967-01-22
156,Ambre,Lefebvre,male,1992-12-22
157,Monique,Royer,male,1975-08-09
158,Camillien,Bourgeois,female,2002-05-28
159,Arnaud,Nguyen,female,1925-09-22
160,Mélisande,Girard,male,1949-10-13
161,Edmée,Rey,male,1926-10-09
162,Olivier,Carpentier,male,1980-12-17
163,Théodore,Aubert,female,1993-12-26
164,Alexandrine,Colin,female,1956-03-14
165,Marceau,Vincent,female,2003-12-01
166,Prudence,Robin,female,1937-11-09
167,Aloyse,Aubert,male,2005-08-05
168,Morgan,Aubert,female,1924-09-10
169,Nestor,Renaud,male,1972-09-25
170,Amante,Nguyen,male,1960-08-06
171,Angeline,Jean,male,1949-03-02
172,David,Schmitt,male,1985-07-20
173,Andéol,Lefebvre,female,1962-12-22
174,Emma,Bertrand,female,1953-03-26
175,Yolande,Roche,female,1984-02-01
176,Christian,Henry,male,1959-12-02
177,Édith,Meunier,female,1936-12-17
178,Félix,Thomas,female,1940-09-07
179,Pascale,Schmitt,male,1930-01-21
180,Élie,Leclercq,female,1966-06-29
181,Orlane,Guyot,male,1944-10-20
182,Reine,Leclercq,female,1935-09-09
183,Childebert,Guillaume,female,1981-05-18
184,Amiel,Maillard,male,1998-11-27
185,Élisée,Simon,female,1964-12-30
186,Flavien,Vincent,male,1981-09-09
187,Denis,Jean,male,1979-05-22
188,Paul,Durand,female,1988-07-12
189,Adegrine,Rodriguez,male,1939-05-25
190,Tonnin,Duval,male,2004-12-17
191,Nestor,Leroux,male,1992-12-29
192,Chilpéric,Meunier,female,1992-11-08
193,Eustache,Benoit,female,1950-02-01
194,Héloïse,Lefevre,female,1966-09-24
195,Eustache,Leroux,male,1927-08-23
196,Francine,Thomas,male,1948-10-14
197,Aymardine,Lambert,male,1959-03-27
198,Abel,Guerin,male,1984-02-09
199,Philibert,Vasseur,male,1928-06-12
200,Simon,Perrot,male,1943-11-28
201,Lauriane,Garcia,female,2005-01-23
202,Hélène,Schneider,male,1947-05-07
203,Rodolphe,Muller,male,1985-09-30
204,Herluin,Pons,female,1953-12-05
205,Céline,Dufour,female,1975-03-20
206,Victor,Clement,male,1932-08-20
207,Jacqueline,Lefebvre,male,1957-04-15
208,Annonciade,Blanc,male,1966-08-25
209,Cédric,Chevalier,male,1926-04-20
210,Ariste,Royer,female,1951-09-18
211,Olive,Renard,male,1977-11-25
212,Adenet,Masson,male,1960-01-11
213,Fantin,Aubry,male,1941-09-04
214,Adel,Marchal,female,1988-02-17
215,Brunehaut,Paris,female,1959-03-26
216,Anaël,Girard,female,1926-08-09
217,Sigismond,Carre,female,1997-03-27
218,Gonthier,Marchand,female,1954-06-26
219,Thibault,Fleury,female,1952-04-04
220,Ysaline,Robert,female,1948-11-26
221,Aloïse,Marie,female,1966-10-28
222,Martin,Perrot,female,1966-04-01
223,Adalbéron,Guillot,female,1945-02-16
224,Aliénor,Gerard,female,1948-07-02
225,Gaspar,Lefebvre,female,1952-10-30
226,Henriette,Mathieu,female,1924-08-17
227,Trajan,Benoit,male,1951-08-16
228,Célien,Marty,female,1971-11-06
229,Hincmar,Royer,male,1966-05-05
230,Tanguy,Barbier,male,1990-04-26
231,Thierry,Jean,female,1956-07-08
232,Enguerrand,Leroux,male,1964-06-18
233,Bénédicte,Rousseau,female,1981-08-27
234,Perrine,Jacquet,female,1943-03-20
235,Jeanne,Laine,male,1953-04-16
236,Célien,Guillot,female,1994-08-05
237,Eusèbe,Petit,female,1963-08-26
238,Delphine,Morin,female,1942-11-16
239,Paul,Jacquet,female,1973-07-06
240,Clélie,Laine,male,1993-07-24
241,Iris,Guillot,male,1977-12-15
242,Geoffroy,Dufour,female,1948-07-15
243,Marlène,Barre,male,1934-04-04
244,Pierre,Maillard,female,1929-07-24
245,Rita,Jean,male,1943-02-25
246,Mayeul,Remy,female,1961-02-15
247,France,Fabre,female,1926-10-08
248,Quentin,Rousseau,male,1966-05-12
249,Félicité,Maillard,male,1951-12-19
250,Arnaud,Gautier,male,1970-01-01
251,Régine,Rolland,female,1942-08-15
252,Louis,Sanchez,female,1956-06-07
253,Angèle,Leroux,female,1940-08-23
254,Florence,Andre,female,1966-10-17
255,Véronique,Charpentier,male,1978-12-27
256,Christophe,Renaud,female,1953-03-20
257,Axeline,Da silva,male,1967-08-04
258,Émile,Hubert,female,1985-06-09
259,Janine,Faure,female,1954-05-13
260,Véronique,Meyer,female,1980-01-10
261,Matthias,Andre,male,1984-12-25
262,Capucine,Legrand,male,2006-01-05
263,Amandine,Le roux,female,1967-04-24
264,Vinciane,Lacroix,male,1967-05-04
265,Scholastique,Guillaume,male,1957-07-25
266,Anceline,Clement,male,1978-02-09
267,Philippe,Jacquet,male,1934-04-18
268,Corinne,Gerard,female,1998-07-07
269,Irina,Guerin,male,1934-07-28
270,Annabelle,Benoit,male,1946-08-25
271,Delphin,Schneider,female,1940-03-21
272,Job,Robert,female,1979-05-09
273,François,Robert,female,1957-01-23
274,Amandin,Marchand,male,1959-03-05
275,Camélien,Menard,male,1968-05-09
276,Sauveur,Rodriguez,female,1952-04-03
277,Joséphine,Morel,male,1936-12-26
278,Armide,Fontaine,male,1965-11-23
279,Charles,Roger,female,1943-03-08
280,Justine,Jacquet,male,1959-07-24
281,Valérie,Roussel,female,1959-04-13
282,Ange,Rousseau,female,1957-07-10
283,Annette,Rodriguez,male,1958-04-19
284,Georgette,Paris,female,1982-05-18
285,Manassé,Mercier,male,1982-09-23
286,Naudet,Roussel,female,1944-02-07
287,Eudoxie,Bonnet,female,2003-04-19
288,Irina,Collet,female,1928-09-12
289,Blanche,Arnaud,male,1936-10-24
290,Serge,Rodriguez,male,1991-01-20
291,Mélissandre,Henry,female,1993-06-26
292,Eubert,Huet,female,1973-06-30
293,Valentine,Robin,female,1936-05-09
294,Théodora,Maillard,male,1939-05-30
295,Philémon,Francois,male,1949-04-23
296,Gonthier,Francois,male,1934-07-29
297,Rachel,Nguyen,female,1995-11-24
298,Fidèle,Garnier,female,1997-01-04
299,Laurane,Hubert,female,1948-09-15
300,Jules,Pierre,male,1998-09-21
301,Corentin,Leroux,male,1974-03-05
302,Adéodat,Laine,male,2004-02-21
303,Solange,Guyot,female,1948-09-25
304,Aubertine,Muller,male,1975-09-22
305,Astérie,Marty,male,1977-09-25
306,Gabin,Blanchard,male,1972-05-01
307,Adegrin,Francois,male,1973-05-02
308,Janine,Dupuis,male,1980-08-31
309,Justin,Roussel,female,1984-01-07
310,Lionel,Guillaume,male,1991-07-24
311,Bernard,Thomas,male,1966-11-27
312,Albane,Barbier,female,1999-05-10
313,Théodore,Da silva,female,1937-11-21
314,Élisée,Muller,male,1958-01-19
315,Aquiline,Richard,female,1946-08-14
316,Edmond,Marchal,female,1929-04-30
317,Quentin,Barre,male,1991-11-02
318,Frédéric,Moulin,female,1957-03-21
319,Amandin,Roy,female,1949-05-27
320,Amandine,Bonnet,female,1980-01-03
321,Ella,Perez,male,1971-04-12
322,Côme,Le gall,female,1930-08-03
323,Eulalie,Noel,female,1989-04-05
324,Ascelin,Andre,female,1928-07-01
325,Rita,Petit,male,1993-04-05
326,Auriane,Mathieu,male,1953-10-26
327,Yoann,Fontaine,female,1926-04-06
328,Thomas,Henry,female,1937-08-20
329,David,Dupuis,female,2001-12-21
330,Aure,Masson,female,1995-05-09
331,Zaché,Deschamps,female,1977-09-23
332,Guy,Marty,female,1927-01-20
333,Yoann,Remy,female,1962-04-12
334,Arthur,Petit,male,1950-05-23
335,Danielle,Huet,female,1976-09-29
336,Henri,Renaud,male,1979-09-20
337,Gui,Boyer,female,1970-06-08
338,Aminte,David,male,1938-08-26
339,Almine,Vidal,male,1967-10-05
340,Pélagie,Moulin,male,1991-09-06
341,Romane,Lefebvre,female,1939-12-17
342,Johan,Boyer,male,1937-06-12
343,Alverède,Fontaine,female,1936-04-15
344,Amédée,Bernard,female,1925-03-17
345,Absalon,Nicolas,female,1951-10-06
346,Léonne,Guerin,male,1953-03-23
347,Conception,Huet,female,1935-08-15
348,Edmée,Adam,male,1943-09-12
349,Edmée,Guyot,female,1996-08-09
350,Amarande,Vidal,male,1993-07-29
351,Flavie,Richard,male,1972-12-19
352,Palémon,Meunier,male,1943-03-31
353,Anstrudie,Maillard,male,1971-02-09
354,Éliane,Barre,male,1991-09-23
355,Sandrine,Boyer,male,1971-06-07
356,Maximilien,Carre,female,1945-03-26
357,Ambroise,Fernandez,male,1984-07-28
358,Augustine,Dufour,male,1928-02-25
359,Salomon,Moreau,female,1964-09-19
360,Roland,Deschamps,female,2005-07-20
361,Victorin,Leclercq,female,1932-12-08
362,Longin,Berger,female,1945-08-20
363,Annonciade,Duval,male,1943-08-28
364,Laureline,Laine,male,2005-05-17
365,Patrice,Carpentier,male,1964-06-30
366,Marthe,Dupuis,female,1980-08-26
367,Enguerrand,Michel,female,1945-05-03
368,Christelle,Lecomte,female,1965-04-19
369,Bon,Charles,male,2003-12-29
370,Adolphie,Lemaire,male,1996-03-25
371,Lothaire,Bourgeois,female,1944-06-11
372,Alcibiade,Arnaud,male,1954-10-21
373,Lothaire,Vincent,male,1933-11-27
374,Victor,Hubert,female,1965-12-19
375,Jason,Colin,male,1987-05-10
376,Léna,Jacquet,female,1937-11-24
377,Isidore,Barre,male,1998-07-25
378,Amiel,Gautier,female,2005-12-08
379,Gwenaëlle,Perez,male,1955-06-29
380,Emmanuel,Deschamps,male,2001-07-06
381,Alaïs,Barbier,female,1950-05-29
382,Orlane,Benoit,male,1983-05-29
383,Aurèle,Barbier,male,2002-01-20
384,Ascelin,Le gall,male,1964-06-24
385,Noémie,Bonnet,female,1948-06-13
386,Auguste,Brunet,female,1970-04-23
387,Arthème,Baron,male,1961-01-17
388,Pécine,Richard,female,1972-06-21
389,David,Muller,male,1951-03-21
390,Almire,Dupuis,female,1949-04-28
391,Valentin,Vidal,male,2001-09-19
392,Ascension,Pons,male,1997-09-14
393,Oger,Leclercq,female,2000-07-21
394,Sigismond,Gerard,female,1924-10-02
395,Honoré,Remy,female,1990-04-29
396,Landry,Baron,male,1935-10-29
397,Amant,Leclerc,male,1979-07-06
398,Aldonce,Chevalier,female,1964-08-03
399,Pie,Morel,female,1945-01-18
400,Marc,Picard,female,1960-08-16
401,Léonard,Pierre,female,1928-01-17
402,Romuald,Fleury,female,2000-05-26
403,Adam,Leclerc,male,2001-09-12
404,Aaron,Petit,female,1993-12-21
405,Sixte,Simon,female,1970-09-08
406,Ludolphe,Charles,female,1933-09-24
407,Élzéar,Marchal,female,1951-12-03
408,Abondance,Fontaine,female,1964-07-16
409,Ismérie,Perrin,female,1962-04-27
410,Gaud,Lemoine,male,1947-01-28
411,Henriette,Richard,male,1985-12-08
412,Anaël,Lacroix,female,1972-02-01
413,Victoire,Moreau,male,1993-12-20
414,Anne,Guillot,male,1998-03-26
415,Albane,Andre,female,1987-09-14
416,Régis,Fournier,male,1959-02-22
417,Adélaïde,Caron,female,1975-12-03
418,Alcyone,Fleury,female,1985-08-11
419,Hilaire,Picard,female,1949-12-15
420,Noël,Michel,female,2003-10-21
421,Christodule,Caron,female,1957-08-07
422,Denis,David,female,1976-03-08
423,Turold,Meunier,male,1970-10-07
424,Angadrême,Perez,male,1943-11-23
425,Quintia,Lacroix,male,1934-01-09
426,Gustavine,Prevost,male,1963-10-17
427,Alaïs,Schmitt,male,1929-01-15
428,Arthur,Carre,male,2001-03-17
429,Lucille,Aubry,female,1939-03-31
430,Adolphe,Marchand,male,1970-08-16
431,Olive,Colin,female,1933-09-30
432,Ludivine,Charpentier,male,1944-08-10
433,Florestan,Duval,male,1958-11-23
434,Axeline,Garcia,female,1985-01-04
435,Falba,Colin,male,1939-08-08
436,Théodose,Philippe,male,1959-09-10
437,Alexine,Schmitt,female,1930-07-27
438,Abdonie,Clement,male,1932-12-28
439,Urbain,Blanc,female,1964-02-05
440,Astarté,Moulin,male,1952-09-12
441,Bartimée,Robin,female,1977-09-17
442,Raymonde,Marie,male,1963-12-05
443,Alexine,Marchand,male,1997-01-25
444,Solange,Carre,female,1991-04-21
445,Maurice,Perez,female,1933-03-15
446,Jourdain,Perrin,female,1955-07-09
447,Moïse,Mathieu,male,1973-01-12
448,Raphaël,Meunier,male,1947-02-28
449,Herbert,Prevost,male,1928-07-08
450,Japhet,Laine,female,1947-09-14
451,Adéodat,Adam,male,1939-03-02
452,Frédéric,Noel,male,1929-10-21
453,Camillien,Guyot,female,1969-04-17
454,Venceslas,Laine,male,1992-10-18
455,Acanthe,Schneider,female,1975-05-29
456,Fulgence,Robin,female,1960-09-09
457,Sibylle,Roy,female,1985-12-22
458,Henri,Robert,female,2004-08-06
459,Martine,Schmitt,female,2003-08-19
460,Sauveur,Andre,female,1928-06-24
461,Laureline,Perrot,female,1965-03-14
462,Philothée,Arnaud,female,1956-12-20
463,Anthelmette,Roche,female,1975-12-27
464,Robert,Dumas,male,1953-05-14
465,Jocelyn,Laine,male,1927-08-15
466,Quentin,Nicolas,female,1977-12-21
467,Guyot,Rousseau,male,1947-02-01
468,David,Roy,male,2000-05-30
469,Marlène,Roussel,male,1996-05-31
470,Léon,Girard,female,1944-06-28
471,Garance,Roux,female,1962-07-19
472,Blaise,Francois,male,1971-10-02
473,Sixtine,Fleury,female,2003-01-18
474,Abelin,Breton,male,1935-08-21
475,Angélique,Carpentier,female,1996-07-10
476,Athanase,Guerin,female,1975-07-25
477,Éléonore,Dufour,female,1950-08-01
478,François,Dumas,female,1994-03-21
479,Euphrasie,Moulin,male,1962-05-18
480,Nathalie,Bertrand,male,2004-01-31
481,Jehanne,Pierre,female,1959-11-07
482,Étienne,Girard,female,1944-09-28
483,Odette,Robert,female,1959-03-11
484,Côme,Julien,male,1959-09-11
485,Nicéphore,Da silva,female,1991-08-28
486,Annonciade,Breton,female,1999-07-16
487,Véronique,Gonzalez,male,1949-06-03
488,Alexandrine,Caron,female,1960-03-15
489,Jeanne,Paris,female,1979-10-10
490,Bertrand,Leroy,female,1930-01-16
491,Adalard,Rey,male,1937-07-28
492,Gaston,Riviere,male,1975-03-10
493,Raoul,Paul,male,1976-11-05
494,Germain,Garnier,male,1949-09-24
495,Odilon,Arnaud,male,1930-06-23
496,Amaranthe,Leclerc,male,1976-07-09
497,Anicée,Sanchez,male,1963-04-14
498,Auguste,Perez,female,1956-08-19
499,Célestine,Brun,female,1932-05-10
500,Mallaury,Olivier,male,1948-04-06
501,Odilon,Renard,female,1942-10-04
502,Épiphane,Paris,female,1964-07-16
503,Acanthe,Meunier,male,1946-03-05
504,Fulcran,Rousseau,male,1971-02-03
505,Arcadie,Dufour,female,1936-05-15
506,Aubertine,Dupont,male,1961-08-20
507,Azalée,Masson,female,1970-11-26
508,Annabelle,Fabre,female,1935-04-08
509,Nathanaël,Le roux,male,2000-10-29
510,Francia,Brunet,male,1982-03-08
511,Loïc,Garcia,female,1939-08-05
512,Iseult,Meyer,male,1933-12-12
513,Jonas,Perez,female,1961-07-07
514,Mélissandre,Nicolas,female,1947-03-29
515,Robert,Le roux,female,1996-07-21
516,Marguerite,Dubois,male,1967-10-20
517,Yseult,Henry,female,1941-03-29
518,Ismérie,Brunet,female,1951-12-31
519,Ansberte,Perrin,female,1945-03-21
520,Antonin,Leclerc,female,1945-07-04
521,Sixtine,Breton,male,1995-01-28
522,Alban,Renault,female,1985-11-07
523,Jonas,Bourgeois,male,1967-01-14
524,Ludolphe,Guillot,male,1974-03-12
525,Gabriel,Renault,female,2003-05-04
526,Aldegonde,Fernandez,female,1957-02-26
527,Nicolas,Martinez,male,1934-05-24
528,Clio,Martinez,male,1957-09-04
529,Astrée,Vasseur,male,1977-03-18
530,Josselin,Aubry,male,1972-01-23
531,Job,Martinez,female,1931-04-24
532,Iris,Sanchez,male,1988-02-25
533,Clotaire,Meyer,male,1973-02-12
534,Amandin,Mercier,female,1954-08-30
535,Christodule,Renaud,female,2004-03-26
536,Eusèbe,Renaud,male,1949-06-23
537,Joanny,Remy,female,1944-02-03
538,Annabelle,Le gall,male,1959-12-09
539,Joséphine,Dupuy,female,1976-09-06
540,Astrée,Leroux,male,1957-07-20
541,Théodose,Morel,female,1955-05-17
542,Véronique,Robin,female,1979-07-24
543,Quentin,Perrot,male,1985-04-10
544,Mathilde,Lefebvre,male,1930-01-11
545,Blaise,Brunet,male,1999-01-25
546,Huguette,Dupont,male,1987-01-03
547,Abigaelle,Roy,male,1975-11-18
548,Constant,Schneider,female,1939-02-28
549,Toussaint,Blanc,female,1960-04-15
550,Valéry,Picard,female,1975-10-15
551,Axelle,Moulin,male,2005-09-29
552,Oury,Schneider,male,1942-05-16
553,Adelin,Vasseur,female,1996-08-08
554,Ophélie,Morel,female,1998-07-16
555,Prudence,Robert,female,1943-05-26
556,Adélie,Guillaume,female,1979-08-11
557,Blanche,Gerard,male,1992-05-03
558,Christian,Schneider,male,1965-10-28
559,Diane,Martin,female,1936-11-04
560,Noémie,Remy,male,1942-09-11
561,Anastase,Lemaire,male,1925-08-17
562,Agathon,Robert,female,1980-02-20
563,Daniel,Lambert,female,1938-02-13
564,Amélie,Richard,male,1961-12-27
565,Achaire,Perrot,female,1960-12-12
566,Gédéon,Roy,male,1938-01-23
567,Doriane,Riviere,male,1947-08-07
568,Viviane,Deschamps,female,1949-10-03
569,Coralie,Giraud,female,1947-01-16
570,Iseult,Pons,male,1928-08-31
571,Anicet,Guerin,female,1966-05-12
572,Gwenaëlle,Richard,male,1979-12-19
573,Guyot,Simon,male,1946-10-16
574,Amante,Duval,male,1951-02-08
575,Moïsette,Muller,male,2003-06-01
576,Édouard,Poirier,female,1940-04-30
577,Léopoldine,Lecomte,male,1953-12-30
578,Coline,Charpentier,male,1948-09-11
579,Aleth,Carpentier,female,1928-04-28
580,Gautier,Renault,male,1972-09-05
581,Moïse,Lefevre,female,1972-08-19
582,Azalée,Michel,male,1952-04-08
583,Olivier,Leroux,female,1927-05-16
584,Vivien,Mercier,male,1940-12-29
585,Élisabeth,Rousseau,female,1963-11-16
586,Baptiste,David,female,1970-10-17
587,Hector,Henry,female,1981-06-01
588,Florent,Bonnet,female,2004-10-25
589,Mélanie,Caron,female,1940-01-23
590,Christiane,Mathieu,male,1973-09-11
591,Léopoldine,Dupuy,female,1999-03-31
592,Christine,Paul,female,1980-09-29
593,Valérie,Meyer,female,1924-03-20
594,Salomé,Perrin,female,1962-10-13
595,Cyrille,Lefebvre,female,1933-05-05
596,Anastasie,Menard,female,1996-07-05
597,Baptiste,Guillot,female,1995-08-15
598,Ombline,Arnaud,female,2000-04-21
599,Adeltrude,Brunet,female,1969-04-25
600,Cyrille,Meunier,male,1994-08-06
601,Catherine,Maillard,female,1934-08-09
602,Dieudonnée,Gautier,male,1979-11-14
603,Adèle,Dufour,male,1979-04-15
604,Moïse,Jean,male,1956-02-24
605,Améthyste,Aubry,male,1932-03-12
606,Caribert,Jacquet,male,1935-08-07
607,Jocelyne,Lefebvre,male,1991-08-03
608,Hélène,Guillot,female,1928-01-08
609,Carine,Lemoine,female,1971-02-09
610,Chloé,Gerard,male,1971-05-23
611,Agathange,Blanchard,male,1931-05-20
612,Laure,Moulin,female,2003-12-26
613,Andoche,Moulin,male,1966-08-19
614,Ombline,Dupuy,male,1928-07-20
615,Guérin,Roger,male,1937-02-10
616,Rachid,Remy,male,1971-10-15
617,Vivien,Lopez,male,2005-12-20
618,Martine,Roux,male,1969-07-18
619,Constant,Durand,male,2005-01-17
620,Adolphie,Renault,female,1931-02-12
621,Eudoxe,Bernard,female,1928-11-02
622,Maxellende,Lambert,female,1991-09-12
623,Francette,Blanchard,male,1962-02-06
624,Coralie,Roger,male,1946-10-13
625,Adegrine,Leroux,male,1993-02-07
626,Éloïse,Fabre,male,1980-05-27
627,Anastasie,Paul,male,1960-05-09
628,Stéphane,Bernard,female,1965-09-10
629,Nadège,Marchand,female,1973-11-29
630,Athalie,Roger,male,1928-12-10
631,Aveline,Aubry,male,1975-01-30
632,Angilbe,Leclerc,male,1996-01-25
633,Dorine,Riviere,male,1970-06-02
634,Damien,Jacquet,male,1978-09-20
635,Macaire,Mercier,female,1952-09-11
636,Jacqueline,Pierre,male,1993-03-02
637,Venceslas,Maillard,female,1973-10-20
638,Jocelyn,Roy,male,1926-05-15
639,Côme,Mercier,male,1928-10-18
640,Ella,Roy,female,1954-02-18
641,Sylvie,Laurent,male,1949-02-17
642,Denis,Hubert,female,1979-11-23
643,Armide,Faure,male,1993-03-14
644,Arthème,Da silva,male,1966-03-11
645,Hédelin,Deschamps,male,1944-02-12
646,Fortunée,Aubry,female,1977-09-06
647,Mayeul,Lucas,female,1963-09-09
648,Quentine,Pons,male,1978-01-14
649,Benjamin,Roche,male,1960-05-15
650,Gerberge,Guillot,male,1937-08-24
651,Corentin,Picard,male,1924-02-29
652,Aimé,Durand,female,1944-12-17
653,Mégane,Perrin,female,1924-03-01
654,Josselin,Rodriguez,female,1970-07-22
655,Adrien,Michel,male,1975-03-28
656,Romuald,Masson,female,1938-06-03
657,Libère,Nicolas,male,1950-11-21
658,Pécine,Robert,female,1937-06-14
659,Venance,Morel,male,1971-11-16
660,Pascal,Noel,male,1962-10-13
661,Cédric,Brun,male,1978-12-09
662,Irène,Blanchard,female,1935-08-30
663,Gédéon,Muller,male,1996-06-19
664,Diane,Laurent,female,1955-03-08
665,Héloïse,Fleury,male,1945-06-05
666,Auxence,Roy,female,1928-07-10
667,Eudes,Roche,male,1951-04-10
668,Amaryllis,Mercier,female,1994-11-12
669,Hildebert,Guillaume,male,2001-03-11
670,Melchior,Guillaume,male,1929-01-10
671,Oger,Lacroix,male,1949-05-29
672,Gautier,Francois,male,1971-09-06
673,Fiacre,Marty,male,1931-03-22
674,Delphine,Garnier,male,1936-08-29
675,Alphonse,Dupuis,male,1982-05-26
676,Charles,Prevost,male,1976-08-16
677,Arsènie,Guerin,male,2000-04-30
678,Cléandre,Dubois,female,1946-01-24
679,Léopold,Richard,male,1951-12-31
680,Gerbert,Berger,male,1947-07-20
681,Dimitri,Moreau,female,1946-05-01
682,Yvette,Baron,male,1947-03-21
683,Gautier,Meunier,male,1928-11-12
684,Primerose,David,female,1978-12-06
685,Yvette,Noel,male,1972-12-08
686,Astride,Perrin,male,1986-11-18
687,Roméo,Chevalier,female,1925-03-08
688,Athénaïs,Roussel,male,1990-07-07
689,Palémon,Guyot,male,2003-09-11
690,Hubert,Meunier,female,1985-09-08
691,Jocelyn,David,female,1962-08-03
692,Esther,Legrand,male,1954-07-13
693,Gaëlle,Le gall,male,1965-01-05
694,Bouchard,Guerin,female,1928-10-11
695,Josselin,Morin,male,1963-10-29
696,Adalard,Garcia,male,1942-07-22
697,Adrien,Henry,female,2000-08-10
698,Alexis,Barre,female,1938-03-07
699,Landry,Laine,female,1960-03-31
700,Agapet,Roux,male,1963-12-30
701,Vinciane,Denis,female,1930-07-20
702,Patrice,Roux,female,1985-08-07
703,Douce,Nicolas,male,1976-06-06
704,Odile,Le gall,female,2000-07-05
705,Élodie,Leroy,male,1988-04-12
706,Nine,Breton,male,1971-02-13
707,Victorin,Roy,female,1960-09-08
708,Priscille,Carre,male,1942-04-04
709,Ariste,Duval,male,1949-05-22
710,Aloïse,Fabre,female,1945-07-08
711,Élia,Dumas,male,1960-09-03
712,Maud,Deschamps,female,1957-12-11
713,Michèle,Roy,male,1959-08-10
714,André,Bertrand,female,1976-11-24
715,David,Collet,male,1999-04-04
716,Francette,Charpentier,male,2000-07-28
717,Iseult,Schmitt,female,2005-10-26
718,Auriane,Andre,female,1941-09-19
719,Clara,Charpentier,male,1982-10-03
720,Tancrède,Petit,male,1924-01-24
721,Ansbert,Rodriguez,female,1948-03-31
722,Ascension,Berger,female,1967-11-05
723,Antonine,Lucas,female,1967-10-02
724,Christiane,Adam,female,1932-02-18
725,Coralie,Barre,male,2003-08-26
726,Jonas,Carpentier,male,1990-03-28
727,Débora,Blanchard,male,1959-03-10
728,Laurence,Vincent,male,1950-06-15
729,Élisée,Roger,female,1974-11-07
730,Armance,Pierre,male,1947-09-23
731,Armeline,Marie,male,1947-12-12
732,Anastase,Guyot,male,1983-03-23
733,Annonciade,Moreau,male,1940-10-27
734,Bérangère,Perez,male,1931-06-20
735,Daphné,Remy,male,1986-02-04
736,Pauline,Carre,male,1968-03-02
737,Léa,Deschamps,male,2000-10-18
738,Waleran,Guillaume,male,1925-08-09
739,Delphine,Guillaume,male,1945-09-22
740,Audran,Fernandez,female,1978-12-01
741,Arabelle,Cousin,male,1958-10-02
742,Alphée,Cousin,female,1951-05-24
743,Christiane,Schneider,female,1952-05-13
744,Claudien,Girard,male,1958-08-02
745,Nestor,Royer,female,1986-03-17
746,Falba,Fernandez,female,1971-09-02
747,Edmond,Muller,male,1991-03-10
748,Sylviane,Aubry,male,1934-01-07
749,Célestine,Marchand,female,1991-05-23
750,Ameline,Julien,male,1927-01-26
751,Marlène,Lacroix,female,1964-04-10
752,Simon,Benoit,male,1931-07-17
753,Hugues,Robert,female,1997-04-27
754,Césaire,Gautier,male,1984-07-01
755,Séraphin,Girard,female,1999-06-01
756,Flodoard,Marty,male,1983-10-08
757,Euphrasie,Le roux,male,1935-03-22
758,Adalbéron,Gonzalez,female,1937-10-03
759,Abdonie,Schneider,male,1998-06-18
760,Aquiline,Leroy,male,1986-12-19
761,Théodose,Clement,male,1977-12-30
762,Aubry,Philippe,male,1991-07-31
763,Amélie,Blanchard,female,1947-06-15
764,Brigitte,Gauthier,male,1989-07-15
765,Réjeanne,Chevalier,female,1958-11-28
766,Marcel,Dupuy,male,1927-04-02
767,Francine,Louis,female,1959-01-29
768,Ghislain,Vidal,male,1949-04-12
769,Fortunée,Moreau,female,1975-09-08
770,Philippe,Simon,female,1975-10-19
771,Enguerrand,Le gall,male,1981-07-17
772,Jude,Boyer,male,2004-05-26
773,Corinne,Roger,female,1957-07-13
774,Almire,Duval,male,1988-07-06
775,Irène,Fournier,female,1985-07-09
776,Sixtine,Olivier,female,1964-09-20
777,Jules,Lemaire,male,1985-06-28
778,Vivien,Aubry,male,1985-09-02
779,Madeleine,Fontaine,male,1975-10-29
780,Félicité,Masson,male,1947-08-23
781,Zaché,Remy,male,2002-02-04
782,Rodrigue,Noel,female,1998-01-08
783,Mélodie,Gauthier,male,1983-08-08
784,Gui,Laine,female,1946-10-16
785,Hermine,Legrand,male,1991-07-27
786,Lambert,Dumas,male,1943-09-12
787,Daphné,Perrin,male,1966-11-26
788,Agneflète,Blanchard,female,2001-04-20
789,Aurelle,Chevalier,female,1954-01-05
790,Jocelyne,Morin,male,1941-07-18
791,Frédérique,Lacroix,male,1960-11-24
792,Dorothée,Lecomte,male,2003-05-19
793,Douce,Roy,male,1981-07-25
794,Hélier,Garnier,female,1996-07-20
795,Berthe,Hubert,female,1996-10-12
796,Pétronille,Menard,male,1970-10-22
797,Lorraine,Gerard,male,1982-03-15
798,Margot,Boyer,female,2002-10-08
799,Cyrille,Marchal,female,2002-10-12
800,Aurore,Bertrand,male,1988-04-02
801,Nathalie,Julien,male,1963-11-30
802,Garance,Remy,male,1995-06-15
803,Marie,Philippe,male,1938-02-11
804,Léonne,Chevalier,male,1943-02-27
805,Aldegonde,Richard,male,1967-09-13
806,Quentine,Richard,male,1975-07-14
807,Viviane,Picard,female,1943-11-16
808,Artémis,Lucas,male,1968-08-10
809,Ursule,David,male,1929-10-05
810,Valérie,Benoit,female,1950-12-30
811,Philomène,Roussel,female,1996-11-21
812,Irène,Lefebvre,male,1975-05-31
813,Sigismond,Poirier,male,1965-10-01
814,Véronique,Denis,female,1925-07-03
815,Mathilde,Benoit,female,1928-03-06
816,Sigismond,Aubert,female,1990-02-17
817,Guy,Garnier,female,1995-05-20
818,Aloyse,Nicolas,male,1974-06-09
819,Clotilde,Gonzalez,male,1925-08-17
820,Johan,Jean,female,1993-03-04
821,Agnan,Gauthier,female,1996-04-16
822,Brieuc,Gauthier,female,1933-02-27
823,Quiéta,Bernard,female,2002-06-11
824,Mégane,Nicolas,female,1975-06-11
825,Laurence,Denis,female,1954-06-06
826,Valentin,Simon,female,1927-10-11
827,Sibylle,Roger,male,1927-10-30
828,Dieudonné,Durand,female,1950-08-09
829,Libère,Guillot,male,1936-09-23
830,Alcyone,Guerin,female,1982-10-25
831,Eudes,Mercier,male,1994-10-21
832,Titien,Garcia,female,2002-06-28
833,Émérance,Vasseur,male,1990-02-16
834,Céleste,Marchal,male,1940-08-13
835,Raymonde,Renaud,male,1926-07-05
836,Nadine,Chevalier,male,1986-01-31
837,Océane,Vincent,male,1972-02-21
838,Acace,Roy,male,1964-02-26
839,Oriande,Meunier,female,1964-03-22
840,Paule,Aubert,male,1943-07-30
841,Sigebert,Lopez,female,1966-02-04
842,Léa,Robin,male,2001-06-08
843,Fanny,Lambert,male,2003-10-12
844,Adolphe,Dufour,male,2000-04-27
845,Liétald,Durand,male,2000-09-23
846,Agapet,Muller,male,1965-04-14
847,Gertrude,Denis,female,1973-06-23
848,Émérencie,Louis,male,1929-09-28
849,Herluin,Lemaire,female,1958-02-27
850,Aquilin,Bourgeois,male,1955-07-13
851,Athénaïs,Petit,female,1932-06-09
852,Amalthée,Menard,male,1984-09-13
853,Tonnin,Carpentier,female,1960-02-27
854,Candide,Roche,male,1971-02-05
855,Girart,Renault,female,2006-01-03
856,Abigaelle,Dupuy,male,1982-02-15
857,Antonin,Marty,male,1967-03-15
858,Hildebert,Carpentier,female,2001-01-29
859,Flavie,Denis,female,1999-07-19
860,Monique,Gonzalez,male,2005-05-19
861,Amour,Cousin,male,1998-08-01
862,René,Gauthier,female,1994-01-02
863,Amant,Aubry,male,1996-09-06
864,Alcide,Guillot,female,1929-04-12
865,Abel,Dubois,male,1946-08-04
866,Damien,Philippe,female,1978-01-27
867,Edgard,Robert,male,1985-01-10
868,Marceline,Fabre,female,1971-01-19
869,Noëlle,Lucas,male,1992-02-21
870,Flavien,Lefevre,female,1944-10-23
871,Archange,Barbier,male,1942-03-04
872,Arthurine,Vincent,male,1956-03-15
873,Maurice,Noel,female,1997-07-30
874,Amalthée,Meyer,female,1950-05-12
875,Élodie,Legrand,female,1988-09-20
876,Roseline,Aubry,male,1954-07-16
877,Adrien,Carpentier,male,1964-10-24
878,Vigile,Lecomte,male,1924-12-17
879,Agathe,Noel,male,1978-04-05
880,Anthelmette,Carre,male,1970-05-09
881,Blandine,Roger,female,1987-06-20
882,Almine,Dumas,female,1955-02-04
883,Cyrille,Dufour,female,1960-12-24
884,Cyriaque,Leroy,female,2001-05-04
885,Viviane,Guillot,male,1957-11-18
886,Denis,Giraud,female,1959-02-12
887,Nestor,Marie,male,1982-12-04
888,Yolande,Meyer,male,1956-08-04
889,Taurin,Prevost,male,1951-10-12
890,Aquilin,Mercier,male,1954-05-14
891,Thibault,Mathieu,female,1978-03-17
892,Alphonse,Pons,female,1929-04-28
893,Eva,Baron,female,2003-02-02
894,Gwenaëlle,Duval,male,1960-04-16
895,Lorraine,Vidal,male,1944-11-18
896,Armande,Laine,male,1948-10-11
897,Avigaëlle,Jean,male,1944-06-15
898,Octave,Schmitt,female,1952-07-08
899,Alain,Aubert,male,1941-12-11
900,Adonis,Muller,female,1971-03-29
901,Delphine,Gauthier,male,1938-08-28
902,Laure,Gerard,female,1939-04-12
903,Reybaud,Francois,female,1947-03-28
904,Libère,Louis,female,1969-02-03
905,Nadège,Leroy,male,1976-01-16
906,Léonard,Guillaume,male,1957-03-22
907,Lionel,Brunet,female,1944-12-12
908,Hélène,Chevalier,male,1965-03-11
909,Aaron,Carpentier,male,1978-04-15
910,Joachim,Pierre,male,1992-04-11
911,Renaud,Fabre,male,1949-11-26
912,Agrippine,Roche,male,1930-01-08
913,Bohémond,Schneider,female,1984-11-22
914,Margot,Brunet,male,1947-07-23
915,Didier,Dufour,male,1999-07-05
916,Astride,Durand,male,1940-09-07
917,Primerose,Philippe,female,1928-07-23
918,Suzon,Robin,female,1979-06-28
919,Romane,Roger,male,1979-07-28
920,Tonnin,Guyot,male,2002-09-14
921,Gertrude,Gauthier,male,1932-09-11
922,Astrée,Gauthier,female,1972-11-19
923,Hermine,Paris,female,1998-01-28
924,Bérangère,Morel,female,2003-08-01
925,Amiel,Riviere,female,1945-03-09
926,Émeric,Michel,male,2000-03-25
927,Coline,Blanc,female,1944-05-30
928,Nadège,Deschamps,female,1954-05-21
929,Yvette,Lemoine,female,1996-05-25
930,Olympe,Vidal,male,1959-12-03
931,Arsènie,Paul,male,1964-08-05
932,Zoéva,Faure,male,1993-05-16
933,Félicie,Faure,male,1996-01-23
934,Mathurin,Brun,male,1945-01-08
935,Gaspar,Maillard,female,2002-05-01
936,Norbert,Aubry,female,1953-07-23
937,Clément,Brun,female,1953-04-29
938,Laurane,Lefebvre,female,1931-03-09
939,César,Lefevre,female,1939-06-09
940,Ambroisie,Fabre,male,1996-04-16
941,Aliette,Lecomte,female,2001-07-23
942,Palémon,Moulin,male,1937-07-18
943,Frédérique,Laine,female,1931-08-30
944,Azalée,Berger,female,1989-09-17
945,Sidoine,Lemaire,female,1952-09-27
946,Maurice,Morel,male,1989-04-07
947,Bertrand,Gaillard,male,1953-06-26
948,Germain,Cousin,female,2003-09-15
949,Job,Perrin,female,2001-05-06
950,Athalie,Bonnet,female,1969-11-20
951,Macaire,Rey,female,1941-06-24
952,Arielle,Mathieu,male,1992-02-13
953,Aldonce,Dufour,male,1925-03-02
954,Nestor,Simon,female,1986-01-24
955,Bernadette,Leclerc,female,1935-11-04
956,Épiphane,Noel,male,1929-07-20
957,Judith,Roche,male,2001-02-26
958,Aymonde,Roche,female,1996-01-12
959,Yvonne,Leclerc,female,1938-11-07
960,Rachid,Legrand,male,1924-03-19
961,Célestine,Leclerc,female,1943-12-12
962,Stéphane,Giraud,male,1976-05-24
963,Héloïse,Louis,female,1976-03-05
964,Michel,Paul,female,1973-12-13
965,Jehanne,Lemoine,female,1978-10-06
966,Eugénie,Paris,female,1996-09-23
967,Chrysole,Gautier,male,1936-03-28
968,Arnaude,Rousseau,male,1939-09-22
969,Mélanie,Rolland,male,1965-01-11
970,Prosper,Fleury,male,1932-02-10
971,Normand,Morin,male,1972-07-06
972,Ludivine,Nicolas,female,1950-09-22
973,Juste,Morel,male,1931-06-04
974,Arlette,Laine,female,1932-08-18
975,Aurian,Rousseau,male,1941-06-18
976,Sarah,Bonnet,male,2003-02-02
977,Constance,Olivier,female,1970-05-16
978,Moïsette,Colin,male,1991-02-07
979,Absalon,David,male,1942-05-13
980,Ameline,Guyot,female,1928-05-23
981,Edgard,Mathieu,female,1937-12-10
982,Vinciane,Sanchez,female,1942-09-11
983,Fiacre,Fournier,male,1998-08-07
984,Amaryllis,Lemoine,female,1970-06-05
985,Sigismond,Robin,female,1956-06-18
986,Parfait,Roy,male,1984-11-01
987,Théophraste,Blanchard,female,1998-01-09
988,Honoré,Lemaire,male,2003-01-06
989,Raphaël,Menard,female,1943-01-27
990,Rose,Noel,male,2000-09-02
991,Régis,Roger,female,1930-09-10
992,Michèle,Arnaud,male,1953-08-25
993,Eusèbe,Faure,female,1976-08-22
994,Céleste,Moulin,female,1929-09-12
995,Frédéric,Breton,male,1938-03-20
996,Corentin,Thomas,female,1935-11-30
997,Geneviève,Lefevre,male,1977-10-21
998,Coralie,Lefebvre,male,1968-05-26
999,Rose,Royer,female,1985-06-24
1000,Apollinaire,Laurent,male,1949-02-17
